{"cameraMode":{"drawMode":0,"name":"Shaded","section":"Shading Mode"},"sceneLighting":true,"audioPlay":false,"sceneViewState":{"m_AlwaysRefresh":false,"showFog":true,"showSkybox":true,"showFlares":true,"showImageEffects":true,"showParticleSystems":true,"showVisualEffectGraphs":true,"m_FxEnabled":true},"in2DMode":false,"pivot":{"x":-42.70600891113281,"y":7.050498962402344,"z":-8.492019653320313},"rotation":{"x":0.07217496633529663,"y":0.33860963582992556,"z":-0.026059696450829507,"w":0.9378086924552918},"size":10.023772239685059,"orthographic":false}