{"cameraMode":{"drawMode":0,"name":"Shaded","section":"Shading Mode"},"sceneLighting":true,"audioPlay":false,"sceneViewState":{"m_AlwaysRefresh":false,"showFog":true,"showSkybox":true,"showFlares":true,"showImageEffects":true,"showParticleSystems":true,"showVisualEffectGraphs":true,"m_FxEnabled":true},"in2DMode":false,"pivot":{"x":-41.61045837402344,"y":-1.7830002307891846,"z":11.032615661621094},"rotation":{"x":0.07217496633529663,"y":0.33860963582992556,"z":-0.026059696450829507,"w":0.9378086924552918},"size":12.466148376464844,"orthographic":false}