{"cameraMode":{"drawMode":0,"name":"Shaded","section":"Shading Mode"},"sceneLighting":false,"audioPlay":false,"sceneViewState":{"m_AlwaysRefresh":false,"showFog":true,"showSkybox":false,"showFlares":true,"showImageEffects":true,"showParticleSystems":true,"showVisualEffectGraphs":true,"m_FxEnabled":true},"in2DMode":false,"pivot":{"x":-51.065067291259769,"y":0.9504576921463013,"z":-0.005204617977142334},"rotation":{"x":-0.23339435458183289,"y":-0.14439794421195985,"z":0.03478412702679634,"w":-0.9610753655433655},"size":0.31141120195388796,"orthographic":false}