{"cameraMode":{"drawMode":0,"name":"Shaded","section":"Shading Mode"},"sceneLighting":true,"audioPlay":false,"sceneViewState":{"m_AlwaysRefresh":false,"showFog":true,"showSkybox":true,"showFlares":true,"showImageEffects":true,"showParticleSystems":true,"showVisualEffectGraphs":true,"m_FxEnabled":true},"in2DMode":false,"pivot":{"x":-45.65633010864258,"y":7.2250847816467289,"z":-9.060084342956543},"rotation":{"x":-0.2647048532962799,"y":-0.11171238124370575,"z":0.030552109703421594,"w":-0.9574456810951233},"size":1.6542432308197022,"orthographic":false}